rank,line,score,imports_2025_gbp_m,chg_2023_25_pct,chg_janjul26_vs_janjul25_pct,gbp_per_kg_2025,importers_2025,importers_per_10m,top_sources_2025,margin_est_pct,frag_s,margin_s,repeat_s,growth_s,compliance_s,freight_s,f2f_s,codes
1,"L04 Welding consumables (electrodes, wire, rods) & torch parts",78.3,30.2,-4.2,19.2,3.04,484,160.0,China 15.1%; United States 15.0%; Italy 9.9%; Germany 9.9%; Czechia 7.8%,32,0.9,0.57,1.0,0.69,0.9,0.3,1.0,83111000 83112000 83113000 83119000
2,"L05 Abrasives (bonded wheels, coated discs/belts)",78.0,167.7,-8.9,5.7,8.51,1937,116.0,Germany 21.6%; China 15.7%; Belgium 11.6%; Italy 7.6%; Austria 5.9%,35,0.76,0.67,1.0,0.46,0.9,0.58,1.0,68042100 68042212 68042218 68042230 68042250 68042290 68042300 68043000 68051000 68052000 68053000
3,L07 Hydraulic hose assemblies & steel tube/hose fittings,75.7,486.7,3.3,13.5,7.82,3166,65.0,Germany 15.4%; Italy 14.5%; China 12.0%; Poland 11.1%; United States 6.6%,38,0.51,0.77,0.9,0.71,0.9,0.56,1.0,40092100 40092200 40093100 40093200 40094100 40094200 73079210 73079290 73079910 73079980 73071910 73071990
4,"L02 Power transmission (V-belts, roller chain, couplings, pulleys)",72.9,387.2,3.0,10.9,8.87,2792,72.0,Germany 31.6%; Italy 16.9%; Poland 6.3%; China 5.9%; United States 5.6%,32,0.56,0.57,0.85,0.67,1.0,0.59,1.0,40103100 40103200 40103300 40103400 40103500 40103600 40103900 73151900 73152000 73158100 84835020 84835080 84836020 84836080
5,L01 Bearings (ball/roller) & parts,72.7,418.6,-4.0,14.9,23.11,2896,69.0,Germany 25.9%; United States 23.5%; France 13.4%; Belgium 10.2%; China 5.0%,30,0.54,0.5,0.8,0.64,1.0,0.85,1.0,84821010 84821090 84822000 84823000 84824000 84825000 84828000 84829110 84829190 84829900
6,L19 Hand tools & power-tool accessories (8202/8204/8205/8207),70.2,911.1,7.0,3.1,11.13,9532,105.0,China 30.6%; Germany 16.9%; United States 10.5%; Netherlands 6.2%; Taiwan 4.8%,30,0.72,0.5,0.8,0.63,0.9,0.65,0.8,82021000 82022000 82023100 82023900 82024000 82029100 82029920 82029980 82041100 82041200 82042000 82051000 82052000 82053000 82054000 82055100 82055910 82055980 82056000 82057000 82059010 82059090 82071300 82071910 82071990 82072010 82072090 82073010 82073090 82074010 82074030 82074090 82075010 82075030 82075050 82075060 82075070 82075090 82076010 82076030 82076050 82076070 82076090 82077010 82077031 82077037 82077090 82078011 82078019 82078090 82079010 82079030 82079050 82079071 82079078 82079091 82079099
7,"L20 Hygienic process components (stainless fittings, ball/butterfly/diaphragm valves, seals, gaskets)",69.7,974.1,1.1,3.9,21.66,6967,72.0,Germany 24.3%; United States 12.8%; Italy 8.9%; China 8.8%; France 8.5%,40,0.55,0.83,0.8,0.56,0.7,0.83,0.6,73072100 73072210 73072290 73072910 73072980 84818081 84818085 84818087 84818079 40169300 84841000 84842000 84849000
8,"L13 Fire safety (extinguishers, building fire/smoke alarms, signs, charges)",67.8,633.0,7.7,8.9,15.45,3288,52.0,Ireland 25.6%; China 18.6%; United States 12.0%; Germany 9.8%; Poland 5.2%,45,0.41,1,0.6,0.71,0.4,0.74,0.8,84241000 85311030 85311095 85319000 38130000 83100000 59090010 59090090
9,"L08 Filtration (engine oil/fuel/air, industrial air, water)",67.2,2041.4,2.3,-6.3,21.83,7113,35.0,Germany 23.4%; United States 10.3%; China 10.1%; Romania 8.4%; Belgium 6.4%,33,0.24,0.6,1.0,0.45,0.9,0.84,0.9,84212100 84212300 84213100 84213200 84213915 84213925 84213935 84213985 84219910 84219990
10,"L10 PPE (work gloves, safety footwear, helmets, eyewear, RPE)",65.9,703.7,4.8,1.4,12.17,3976,57.0,China 33.3%; United States 7.4%; France 7.0%; Germany 6.5%; Malaysia 5.2%,35,0.45,0.67,1.0,0.58,0.4,0.68,0.8,61161020 61161080 40151900 64034000 65061010 65061080 90049010 90049090 90200010 90200090
11,L24 Plastic pipe & tube fittings (3917),65.9,532.9,7.1,0.9,9.56,4376,82.0,Germany 17.8%; United States 17.1%; China 8.6%; France 6.5%; India 5.6%,30,0.61,0.5,0.8,0.6,0.9,0.61,0.7,39174000 39173100 39173200 39173300 39173900 39172900
12,L06 Fasteners & fixings (7318),65.1,1167.6,-2.0,-1.0,4.38,6974,60.0,China 18.9%; Germany 15.6%; United States 14.3%; Taiwan 9.8%; Italy 6.8%,33,0.48,0.6,0.9,0.46,0.8,0.4,0.9,73181100 73181210 73181290 73181300 73181410 73181491 73181499 73181520 73181535 73181542 73181548 73181552 73181558 73181562 73181568 73181575 73181582 73181588 73181595 73181631 73181639 73181640 73181660 73181692 73181699 73181900 73182100 73182200 73182300 73182400 73182900
13,"L12 Packaging consumables (PE bags/film, tape, cartons)",63.5,2708.3,-1.2,2.2,2.48,15464,57.0,Germany 14.8%; China 13.6%; Turkey 9.3%; Netherlands 6.6%; France 6.6%,35,0.46,0.67,1.0,0.51,0.8,0.25,0.7,39232100 39232910 39232990 39191012 39191015 39191019 39191080 39199020 39199080 39201023 39201024 39201025 39201028 39201040 39201081 39201089 48191000 48192000 39204910 39204990
14,"L21 Lifting & rigging (wire rope, chain, textile slings)",62.4,143.5,-15.3,-12.1,2.3,1852,129.0,China 25.7%; Germany 13.2%; Spain 7.6%; United States 5.2%; India 5.2%,35,0.81,0.67,0.7,0.16,0.5,0.23,0.9,73121020 73121041 73121049 73121061 73121065 73121069 73121081 73121083 73121085 73121089 73121098 73129000 73158100 73158200 73158900 73159000
15,L09 Plant & agri machinery wear parts/spares (8431/8432/8433),60.9,1249.2,-13.2,9.4,3.45,3813,31.0,China 21.9%; India 12.6%; Germany 9.9%; Netherlands 8.2%; Italy 5.9%,35,0.18,0.67,0.8,0.45,0.9,0.34,1.0,84314100 84314200 84314300 84314920 84314980 84329000 84339000
16,"L22 Lubricants, greases & industrial adhesives",59.2,1036.4,-10.3,19.7,1.94,4483,43.0,Belgium 24.0%; Germany 22.2%; Netherlands 17.5%; United States 7.9%; France 7.2%,30,0.34,0.5,1.0,0.62,0.6,0.18,0.9,27101981 27101983 27101987 27101991 27101993 27101999 34031100 34031910 34031920 34031980 34039100 34039900 35061000 35069110 35069190 35069900 27101971
17,L18 Heat pump / refrigeration compressors & parts,57.8,1322.3,1.3,0.9,17.09,4456,34.0,China 10.3%; Germany 8.9%; Italy 8.7%; Czechia 8.7%; Belgium 8.3%,35,0.23,0.67,0.7,0.53,0.6,0.77,0.7,84186100 84189910 84189990 84143020 84143081 84143089 84149000 84159000
18,"L11 Janitorial (non-retail cleaning chemicals, tissue, brooms/mops)",56.7,1011.6,3.0,-1.6,2.64,7383,73.0,China 27.5%; Germany 12.8%; Italy 9.7%; France 6.6%; Netherlands 6.0%,28,0.56,0.43,1.0,0.52,0.5,0.26,0.6,34029010 34029090 34011900 48181010 48181090 48182010 48182091 48182099 48183000 48189010 48189090 96039010 96039091 96039099 96035000 96032100 96032930 96032980 96033010 96033090 96034010 96034090 96031000
19,L03 LED lamps & luminaires,56.2,1019.3,-8.6,-4.0,12.85,9003,88.0,China 56.0%; Germany 7.2%; Italy 4.1%; France 4.1%; Netherlands 4.0%,30,0.65,0.5,0.5,0.34,0.5,0.69,0.7,85395200 94051140 94051150 94051190 94051940 94051950 94051990 94054210 94054231 94054239 94054910 94054940 94054990
20,L15 EV charging leads & low-voltage connectors (proxy codes),56.1,1678.2,7.8,11.9,26.53,10738,64.0,China 22.4%; Germany 14.9%; United States 14.7%; France 7.4%; Netherlands 5.8%,25,0.51,0.33,0.5,0.75,0.5,0.89,0.7,85444290 85366990 85369010 85369040 85369095 85366930
21,"L14 Pest control (insecticides, rodenticides, other biocides)",55.2,121.8,5.9,-5.7,5.39,356,29.0,France 29.0%; Germany 15.9%; Netherlands 13.1%; Belgium 8.2%; Switzerland 7.2%,35,0.16,0.67,1.0,0.5,0.2,0.46,0.8,38089110 38089120 38089130 38089140 38089190 38089910 38089990
22,"L23 Off-road tyres (construction, mining, agri)",44.3,256.5,-10.6,11.1,3.52,319,12.0,India 24.3%; France 11.2%; China 10.2%; Poland 9.3%; Thailand 6.8%,20,0,0.17,0.7,0.51,0.7,0.34,1.0,40117000 40118000 40119000
23,L17 Drones/UAVs (8806 complete aircraft only; parts not separable from aerospace 8807),39.2,29.6,20.3,147.1,1765.49,78,26.0,Confidential Country 31.8%; United States 30.9%; Portugal 20.2%; Germany 6.9%; Netherlands 4.9%,20,0.12,0.17,0.4,1,0.3,1,0.3,88062300 88062400 88069100 88069200 88069300 88069400
24,L16 Solar BOS (aluminium mounting structures 7610 90 90 + PV modules 8541 43),30.3,977.6,-17.0,1.7,3.08,3140,32.0,China 37.1%; Netherlands 16.6%; Germany 10.7%; Italy 9.3%; Czechia 3.7%,15,0.21,0,0.3,0.31,0.5,0.3,0.7,76109090 85414300 85414200
