sic,region,active_count
43220,UK-all,54,118 results
43220,London,6,183 results
43220,Kent,1,344 results
43220,Surrey,817 results
43220,Sussex,749 results
43220,Hampshire,757 results
43220,Berkshire,262 results
43220,Buckinghamshire,212 results
43220,Oxfordshire,192 results
43220,Hertfordshire,537 results
43220,Essex,1,545 results
43210,UK-all,61,020 results
43210,London,6,525 results
43210,Kent,1,508 results
43210,Surrey,883 results
43210,Sussex,848 results
43210,Hampshire,799 results
43210,Berkshire,332 results
43210,Buckinghamshire,223 results
43210,Oxfordshire,185 results
43210,Hertfordshire,628 results
43210,Essex,1,866 results
43290,UK-all,41,292 results
43290,London,5,711 results
43290,Kent,909 results
43290,Surrey,489 results
43290,Sussex,479 results
43290,Hampshire,588 results
43290,Berkshire,172 results
43290,Buckinghamshire,139 results
43290,Oxfordshire,112 results
43290,Hertfordshire,355 results
43290,Essex,1,314 results
33120,UK-all,6,166 results
33120,London,384 results
33120,Kent,104 results
33120,Surrey,37 results
33120,Sussex,69 results
33120,Hampshire,74 results
33120,Berkshire,34 results
33120,Buckinghamshire,23 results
33120,Oxfordshire,17 results
33120,Hertfordshire,37 results
33120,Essex,95 results
80200,UK-all,10,970 results
80200,London,1,850 results
80200,Kent,240 results
80200,Surrey,143 results
80200,Sussex,118 results
80200,Hampshire,119 results
80200,Berkshire,67 results
80200,Buckinghamshire,52 results
80200,Oxfordshire,41 results
80200,Hertfordshire,121 results
80200,Essex,354 results
71200,UK-all,8,760 results
71200,London,1,546 results
71200,Kent,144 results
71200,Surrey,88 results
71200,Sussex,96 results
71200,Hampshire,93 results
71200,Berkshire,45 results
71200,Buckinghamshire,34 results
71200,Oxfordshire,30 results
71200,Hertfordshire,67 results
71200,Essex,146 results
81220,UK-all,5,000 results
81220,London,5,000 results
81220,Kent,5,000 results
81220,Surrey,5,000 results
81220,Sussex,5,000 results
81220,Hampshire,5,000 results
81220,Berkshire,5,000 results
81220,Buckinghamshire,5,000 results
81220,Oxfordshire,5,000 results
81220,Hertfordshire,5,000 results
81220,Essex,5,000 results
43999,UK-all,69,078 results
43999,London,10,375 results
43999,Kent,1,742 results
43999,Surrey,903 results
43999,Sussex,855 results
43999,Hampshire,864 results
43999,Berkshire,318 results
43999,Buckinghamshire,247 results
43999,Oxfordshire,217 results
43999,Hertfordshire,747 results
43999,Essex,2,118 results
