id,category,listing_title,region,asking_price_gbp,turnover_gbp,turnover_year,profit_gbp,profit_measure,implied_multiple_x,staff,manager_stays,recurring_share_stated,reason_for_sale,vendor_finance,broker,url,date_seen,in_envelope,notes
H1,HVAC,Established Ventilation Air Conditioning and Plumbing Repair Business,Surrey,295000,507000,not stated,96000,net profit (BFS category-page label),3.1,not stated,not stated,not stated,not stated,not stated,BusinessesForSale (listing page 403 - category page data only),https://uk.businessesforsale.com/uk/established-ventilation-air-conditioning-and-plumbing-repair-business.aspx,2026-09-29,YES,35-year established; best price-disclosed SE HVAC fit
H2,HVAC,HVAC Engineering Specialist,Hampshire,Offers invited,607000,YE25,not stated,n/a,n/a,not stated,not stated,80% revenue repeat; forward order book £175k; 30 active clients,retirement,not stated,Daltons agent logo 5403 (unnamed),https://www.daltonsbusiness.com/listing/hvac-engineering-specialist-for-sale-DB2609165/,2026-09-29,MAYBE,Profit undisclosed; leasehold premises c.£10k pa
H3,HVAC,Provider of air conditioning and refrigeration services (London & surrounding),London/South East,Offers invited,1400000,YE26,283000,adjusted EBITDA,n/a,not stated,not stated,"Significant proportion from 3- and 5-year service contracts; 80 active clients; 99% repeat",retirement,not stated,KBS Corporate via Daltons,https://www.daltonsbusiness.com/listing/provider-of-air-conditioning-and-refrigeration-for-sale-DB2185412/,2026-09-29,NO (above),Turning away work at capacity; local authorities/education/healthcare
H4,HVAC,Respected provider of air conditioning and renewable heating (SE hospitality),London/South East,Offers invited,756000,YE25 (YE26 draft £625k),not stated,n/a,n/a,not stated,not stated,Contracted maintenance £70k pa; 75% returning clients,not stated,not stated,KBS Corporate via Daltons (older copies DB2305377 / DB2544025 show YE22 T/O £279k),https://www.daltonsbusiness.com/listing/a-respected-provider-of-air-conditioning-for-sale-DB2043225/,2026-09-29,MAYBE,MCS/RECC/Trustmark; Mitsubishi & Daikin partner; relocatable
H5,HVAC,Subscription-Based Plumbing and HVAC Repairs and Maintenance Company,Berkshire,Undisclosed,552006,YE26,202000,adjusted EBITDA,n/a,not stated,not stated,subscription model (share not stated),not stated,not stated,BusinessesForSale (listing page 403),https://uk.businessesforsale.com/uk/subscription-based-plumbing-and-hvac-repairs-and-maintenance-company.aspx,2026-09-29,BORDERLINE (EBITDA slightly above),Subscription recurring model
H6,HVAC,A Highly Reputable Electrical and Mechanical Contractor (two businesses),Buckinghamshire,Freehold offers invited,1450000,YE25 consolidated,210000,adjusted EBITDA,n/a,not stated,not stated,not stated,not stated,not stated,Daltons agent 5403 / BFS,https://www.daltonsbusiness.com/listing/a-highly-reputable-electrical-and-mechanical-for-sale-DB2609577/,2026-09-29,NO (above),Freehold included
H7,HVAC/refrigeration,Refrigeration Engineering Specialist - Oxfordshire,Oxfordshire,350000,431528,YE Apr 2022,235032,gross profit (net profit not stated),n/a,not stated,handover period available,90% of turnover from refrigeration servicing,not stated,not stated,Blacks Business Brokers via Daltons,https://www.daltonsbusiness.com/listing/refrigeration-engineering-specialist-oxfordshire-for-sale-DB2254719/,2026-09-29,MAYBE,Accounts stale (2022); blue-chip national clients; 'ideal bolt-on'
H8,HVAC,Well Established HVAC Business,Fareham Hampshire,OIEO 40000,54000,YE25,not stated,n/a,n/a,not stated,not stated,loyal repeat base,injury of owner,not stated,Daltons agent 5403,https://www.daltonsbusiness.com/listing/well-established-hvac-business-for-sale-DB2048885/,2026-09-29,NO (too small),Est. 1997; relocatable
H9,HVAC/refrigeration,Commercial Refrigeration & Air Conditioning Specialist (gelato/kitchen equipment nationwide),Greater Manchester (nationwide),Offers invited,357000,latest,108000,adjusted EBITDA,n/a,not stated,not stated,"recurring revenue through ongoing long-term contracts; 24hr call-out",retirement,not stated,Daltons agent 5403,https://www.daltonsbusiness.com/listing/commercial-refrigeration-air-conditioning-for-sale-DB2549855/,2026-09-29,YES (profit) / region NO,Fully relocatable; long-term supplier to a leading manufacturer
H10,HVAC/refrigeration,Specialist Refrigeration and AC Installation Repair and Maintenance,Yorkshire,Offers invited,373000,YE25,144000,adjusted EBITDA,n/a,not stated,not stated,large loyal customer base,retirement,not stated,Daltons agent 5403 (earlier copy DB2200388: £324k/£128k),https://www.daltonsbusiness.com/listing/a-specialist-refrigeration-and-air-conditioning-for-sale-DB2555410/,2026-09-29,YES (profit) / region NO,REFCOM F-Gas certified; engineers in place; freehold not included
H11,HVAC/refrigeration,Air Conditioning Refrigeration Cellar Cooling and Ventilation Business (trade buyer only) INT2972,Yorkshire,200000,532467,latest,97541,net profit,2.05,not stated,not stated,not stated,not stated,not stated,Intelligent Business Partners,https://www.intelligent.co.uk/businesses-for-sale/air-conditioning-refrigeration-cellar-cooling-and-ventilation-business-for-sale-trade-buyer-only-int2972,2026-09-29,YES (profit) / region NO,Refcom Elite; est. 2007; trade buyer only
H12,HVAC,Premier Air Conditioning and Ventilation Business INT3701,West Midlands/Shropshire,263000,256602,latest,105139,net profit,2.5,not stated,not stated,not stated,not stated,not stated,Intelligent Business Partners,https://www.intelligent.co.uk/businesses-for-sale/premier-air-conditioning-and-ventilation-business-based-in-the-uk-int3701,2026-09-29,YES (profit) / region NO,Founded 2018; relocatable
H13,HVAC/refrigeration,Commercial Refrigeration and Air Conditioning Repair (UNDER OFFER),Cheshire,Offers invited,434000,YE25,191000,adjusted EBITDA,n/a,not stated,not stated,not stated,not stated,not stated,Daltons agent 5403,https://www.daltonsbusiness.com/air-conditioning-businesses-for-sale/,2026-09-29,BORDERLINE / under offer,Servicing/maintenance/repair focus
H14,HVAC/refrigeration,Commercial Refrigeration and HVAC Design Installation and Maintenance,Lancashire,Offers invited,993000,YE25 (YE26 mgmt £1.3m),195000,adjusted EBITDA (YE26 £261k),n/a,not stated,not stated,not stated,not stated,not stated,Daltons agent 5403,https://www.daltonsbusiness.com/listing/commercial-refrigeration-and-hvac-design-for-sale-DB2546549/,2026-09-29,NO (above),
H15,HVAC/refrigeration,Commercial Refrigeration and Air Conditioning Business,Staffordshire,Offers invited,169000,YE25,38000,adjusted EBITDA,n/a,not stated,not stated,not stated,not stated,not stated,Daltons agent 5403,https://www.daltonsbusiness.com/listing/commercial-refrigeration-and-air-conditioning-business-for-sale-DB2504606/,2026-09-29,NO (too small),
H16,HVAC/refrigeration,Refrigeration services for commercial clients,Sleaford Lincolnshire,70000,143000,YE25,not stated,n/a,n/a,not stated,not stated,not stated,not stated,not stated,Daltons agent 5403,https://www.daltonsbusiness.com/air-conditioning-businesses-for-sale/page/2/,2026-09-29,NO (too small),
H17,HVAC,Air conditioning servicing company (Hilton Smythe corporate),Midlands,not stated,1300000,2025 projected,372000,EBITDA (gross profit c.£750k = 58% GM),n/a,not stated,not stated,not stated,not stated,not stated,Hilton Smythe,https://hiltonsmythe.com/businesses-for-sale/,2026-09-29,NO (above),Useful GM benchmark 58%
H18,HVAC controls,HVAC Control System Installer and Service Provider,Scotland,Offers invited,159000,YE24,88000,adjusted EBITDA,n/a,not stated,not stated,not stated,not stated,not stated,Daltons agent 5403,https://www.daltonsbusiness.com/air-conditioning-businesses-for-sale/,2026-09-29,region NO,BMS/energy controls
P1,Critical power/electrical testing,Electrical Testing Maintenance and Installation Services Company HMD242,London,Offers invited,498051,YE 30 Apr 2024,166821,EBITDA (33%),n/a,not stated,not stated,c.90% recurring (legally required EICR/PAT),not stated,not stated,Hornblower Business Brokers,https://hornblower-businesses.co.uk/business-for-sale/electrical-testing-maintenance-and-installation-services-company-hmd242/,2026-09-29,YES (profit) - price undisclosed,NICEIC Approved Contractor; best compliance-testing fit found
P2,Critical power/electrical testing,Electrical services provider operating in London across the South East,London/South East,Offers invited,306000,YE26,103000,adjusted EBIT,n/a,not stated,not stated,"monthly inspections/maintenance; 40 active clients 99% repeat",retirement,not stated,KBS Corporate via Daltons,https://www.daltonsbusiness.com/listing/electrical-services-provider-operating-in-for-sale-DB2478786/,2026-09-29,YES,EICR/PAT/emergency lighting/fire alarm for serviced offices & hospitality; relocatable
P3,Critical power/electrical testing,Electrical Services Provider,Buckinghamshire,Offers invited,211000,YE25 (YE26 mgmt £218k),100000,adjusted EBIT (YE26 £121k),n/a,not stated,not stated,c.57% revenue from repeat clients,retirement,not stated,Daltons agent 5403,https://www.daltonsbusiness.com/listing/electrical-services-provider-for-sale-DB2480570/,2026-09-29,YES,NICEIC; Which? Trusted Trader; 40+ years; relocatable; owner-dependent risk (47% margin on £211k)
P4,Critical power/electrical testing,Electrical Services Provider,Surrey,Offers invited,322000,YE25,not stated,n/a,n/a,not stated,not stated,repeat clients (no %),director pursuing other ventures,not stated,Daltons agent 5403,https://www.daltonsbusiness.com/listing/electrical-services-provider-for-sale-DB2573735/,2026-09-29,MAYBE,Mixed domestic/events/PV/EV - weak compliance fit
P5,Critical power/electrical testing,BPAT Limited - commercial electrical testing specialist,Brighton & Hove / Sussex,135000,not stated,n/a,not stated,n/a,n/a,not stated (owner-run),owner offers long handover,c.1000-client database; monthly/annual emergency lighting tests,owner relocating,not stated,CoGoGo via Daltons,https://www.daltonsbusiness.com/listing/electrical-testing-and-maintenance-services-for-sale-DB2312761/,2026-09-29,MAYBE (small),NAPIT; EICR/PAT/EL; 'perfect bolt-on'
P6,Critical power/electrical testing,Provides Electrical Installation and Electrical Compliance Services,East England / London boroughs,Offers invited,598000,YE25,175000,EBITDA (29%),n/a,not stated,shareholders willing to remain post-sale,HE contract with 2 years remaining; large repeat,growth under new ownership,not stated,KBS Corporate via Daltons,https://www.daltonsbusiness.com/listing/provides-electrical-installation-and-electrical-for-sale-DB2422750/,2026-09-29,YES,NICEIC; EICR & thermal imaging; online portal
P7,Critical power/electrical testing,Electrical testing services provider,UK (Scotland/England/Wales),Offers invited,1200000,YE25,229000,adjusted EBITDA (op profit c.15%),n/a,not stated,not stated,90% of income contracted,growth under new ownership,not stated,KBS Corporate via Daltons,https://www.daltonsbusiness.com/listing/electrical-testing-services-provider-for-sale-DB2441078/,2026-09-29,NO (above),EICR/PAT/EL/thermal imaging
P8,Critical power/electrical testing,Provider of Electrical Installation and Maintenance Services,Cambridge,80000,343000,YE25,not stated,n/a,n/a,not stated,not stated,not stated,retirement,not stated,Daltons agent 5403,https://www.daltonsbusiness.com/listing/a-provider-of-electrical-installation-and-for-sale-DB2494481/,2026-09-29,MAYBE (cheap),Relocatable; PAT & EICR among services
P9,Critical power (generators),Generator sales hire servicing and installation company,UK (freehold site),Offers invited,1300000,YE25 draft (YE24 £2.6m),241000,adjusted EBITDA (YE24 £586k),n/a,5,not stated,10% of turnover from annual service agreements; 90% repeat of c.500 clients,retirement,not stated,KBS Corporate via Daltons,https://www.daltonsbusiness.com/listing/generator-sales-fire-servicing-and-installation-for-sale-DB2516410/,2026-09-29,NO (above; volatile),NICEIC; CPA member; revenue halved YE24->YE25
P10,Critical power (electro-mechanical),Specialist engineering - motors pumps gearboxes generators (Ernest Wilson ref 591479),Banbury Oxfordshire,349950 (page header shows £525000 incl. premises?),478000,latest,not stated,n/a,n/a,not stated,owner non-hands-on since 2020,not stated,not stated,not stated,Ernest Wilson via Daltons,https://www.daltonsbusiness.com/listing/engineering-for-sale-DB2518527/,2026-09-29,MAYBE,Includes plant/vehicles; F1 clients; not a pure critical-power maintainer
P11,Critical power/electrical testing,Specialist Portable Appliance Testing and Compliance Provider,North Yorkshire,Offers invited,698000,YE25,not stated,n/a,n/a,not stated,long-standing workforce avg 15 yrs,c.90% from existing clients; forward order £97k,retirement,not stated,Daltons agent 5403,https://www.daltonsbusiness.com/listing/specialist-portable-appliance-testing-and-for-sale-DB2585061/,2026-09-29,region NO,Relocatable; 1300-client database
P12,Critical power adjacent (condition monitoring),Supply Installation and Maintenance of Condition Monitoring Systems,Berkshire,300000,313000,YE25,90000,adjusted EBITDA,3.3,not stated,not stated,1000+ client database,retirement,not stated,Daltons agent 5403,https://www.daltonsbusiness.com/listing/supply-installation-and-maintenance-of-for-sale-DB2421664/,2026-09-29,YES (adjacent sector),Power/petrochem clients; asset register c.£95k included; relocatable
P13,Critical power/electrical testing,Domestic and Commercial Electrical Services Provider,Herefordshire,Offers invited,600000,YE25,165000,adjusted EBITDA,n/a,not stated,not stated,not stated,not stated,not stated,Daltons agent 5403,https://www.daltonsbusiness.com/listing-businesses-for-sale/?search_by_keyword=EICR,2026-09-29,region NO,Domestic new-build fit-outs - weak fit
W1,Water hygiene/legionella,Water Treatment Company (legionella management & industrial water) ref 52012,Relocatable (England),Asking price on application,364000,YE Apr 2025 (advised fee income),120000,adjusted net profit (over),n/a,not stated,not stated,recurring contract income; 45 customers / 75 sites,not stated,not stated,Kings Business Transfer via Daltons,https://www.daltonsbusiness.com/listing/water-treatment-company-for-sale-DB2443931/,2026-09-29,YES (price TBC),LCA member; est. 1994
W2,Water hygiene/legionella,Water Treatment Company - legionella prevention ref 51572,North East England,Asking price on application,588000,YE Mar 2024 (forecast £1.2m Mar 2026),159000,adjusted EBITDA (over),n/a,not stated,not stated,not stated,vendor pursuing other interests,not stated,Kings Business Transfer via Daltons,https://www.daltonsbusiness.com/listing/water-treatment-company-for-sale-DB2458793/,2026-09-29,region NO,Education/manufacturing/hospitality
W3,Water hygiene/legionella,Legionella Control and Water Hygiene Company (UNDER OFFER),Wales (West Glamorgan),550000,554000,YE25 (YE26 £596k),107000,adjusted EBITDA YE25,5.1,not stated,not stated,c.72% of clients on monthly/annual contracts; 80+ contract clients,not stated,not stated,Daltons agent 5403 (older copy DB2466094),https://www.daltonsbusiness.com/listing/under-offer-legionella-control-and-water-for-sale-DB2589028/,2026-09-29,region NO / under offer,Only priced legionella comp: 5.1x adj EBITDA; 16 yrs; 5 leasehold units
W4,Water hygiene/legionella,Water Hygiene Management Maintenance and Plumbing Provider,West Midlands (serves England),Offers invited,108000,YE26,76000,adjusted EBITDA,n/a,not stated,not stated,10 PPM agreements; 80% from existing clients,unrelated business opportunities,not stated,Daltons agent 5403,https://www.daltonsbusiness.com/listing/water-hygiene-management-maintenance-and-for-sale-DB2445378/,2026-09-29,YES (small),Remote bolt-on; healthcare/education/student accom
W5,Water hygiene/legionella,Specialist Water Hygiene Consultancy Business,Scotland (remote),Offers invited,165000,YE25,120000,adjusted EBITDA (in excess of),n/a,not stated,not stated,37 active clients; largest 15%,retirement,not stated,Daltons agent 1137273 (unnamed),https://www.daltonsbusiness.com/listing/a-specialist-water-hygiene-consultancy-business-for-sale-DB2415157/,2026-09-29,region NO,Consultancy/training not monitoring
W6,Water hygiene/legionella,Specialist Water Treatment Service Provider (SOLD),UK relocatable,1205000,1000000+,latest,on request,n/a,n/a,not stated,not stated,not stated,not stated,not stated,The Exit Co,https://theexitco.co.uk/businesses-for-sale/specialist-water-treatment-service-provider-business-for-sale/,2026-09-29,NO (sold; above),Price/turnover c.1.2x revenue
W7,Water hygiene/legionella,Business & assets - legionella control water treatment & air hygiene (25 yrs; W Midlands HQ; Ellesmere Port; German subsidiary),West Midlands,not stated (asset sale),not stated,n/a,not stated,n/a,n/a,not stated,not stated,not stated,insolvency/asset sale (BTG Eddisons),n/a,Eddisons,https://www.eddisonsassets.com/assets-for-sale/opportunity-to-buy-the-business-and-assets-of-an-established-business-specialising-in-all-aspects-of-legionella-control-water-treatment-and-air-hygiene,2026-09-29,NO,Not fetched - search snippet only
F1,Fire,Independent Fire Protection Specialist - Based in London,London,Offers invited,not stated,n/a,not stated,n/a,n/a,not stated,not stated,150 active clients; 88% provide ongoing revenue,retirement,not stated,KBS Corporate via Daltons,https://www.daltonsbusiness.com/listing/independent-fire-protection-specialist-for-sale-DB2257091/,2026-09-29,MAYBE (no financials),BAFE CHAS NAPIT Constructionline; LAs & housing associations; 24hr response
F2,Fire,Provider of Fire Safety-Related Services (UK relocatable),UK,Offers invited,730000,YE25,211000,EBITDA,n/a,not stated,not stated,large repeat via compulsory testing; 100+ active clients,retirement (free up time),not stated,KBS Corporate via Daltons,https://www.daltonsbusiness.com/listing/provider-of-fire-safety-related-services-for-sale-DB2485164/,2026-09-29,BORDERLINE (EBITDA slightly above),Fire detection/EL/extinguishers/FRAs/PAT for landlords & HMOs
F3,Fire,Fire Safety Equipment Provider (extinguishers event cover FRAs),Midlands (relocatable),Offers invited,216000,YE24,73000,adjusted EBITDA,n/a,not stated,not stated,c.350 clients; four 20-year clients,retirement,not stated,Daltons agent 1137273,https://www.daltonsbusiness.com/listing/fire-safety-equipment-provider-for-sale-DB2379421/,2026-09-29,YES (profit) / region NO,Assets c.£100k incl. vehicles; British Fire Consortium
F4,Fire (dry risers),Dry riser specialist (relocatable),UK (relocatable; high-rise),Offers invited,453000,YE25,249000,adjusted EBITDA (55%),n/a,not stated,not stated,100% recurring contracted; 120 clients all repeat,not stated,not stated,KBS Corporate via Daltons,https://www.daltonsbusiness.com/listing/dry-riser-specialist-for-sale-DB2440319/,2026-09-29,NO (EBITDA above) - top quality,Turnover +87% since YE22; at capacity
F5,Fire,Active fire protection system design installation and maintenance provider,UK (national),Offers invited,not stated,n/a,not stated,n/a,n/a,not stated,experienced management team in place,80% repeat; retained for service contracts,founder exit,not stated,KBS Corporate via Daltons,https://www.daltonsbusiness.com/listing/active-fire-protection-system-design-installation-for-sale-DB2481684/,2026-09-29,MAYBE (no financials),Works for main contractors/M&E/FM
F6,Fire (passive),Fire prevention specialist (passive fire; fire doors; compartmentation),UK,Offers invited,2200000,YE26,486000,adjusted EBITDA,n/a,not stated,not stated,22 large active clients; £500k pipeline,retirement,not stated,KBS Corporate via Daltons,https://www.daltonsbusiness.com/listing/fire-prevention-specialist-for-sale-DB2500886/,2026-09-29,NO (above),IFC third-party accredited; ASFP; CBRE Excellence
F7,Fire (passive),Passive fire protection services provider (relocatable),UK,Offers invited,2000000,YE25,179000,adjusted EBIT (9%),n/a,not stated,not stated,repeat inspections/maintenance/remedials,growth under new ownership,not stated,KBS Corporate via Daltons,https://www.daltonsbusiness.com/listing/passive-fire-protection-services-provider-for-sale-DB2523356/,2026-09-29,NO (turnover above; thin margin),IFC ISO9001 Constructionline Gold ASFP
F8,Fire,Provider of fire alarms installation and servicing solutions,North West England,Offers invited,781000,YE24 (YE25 4-month mgmt £233k),not stated,n/a,n/a,not stated,not stated,not stated,not stated,not stated,Daltons agent (unnamed),https://www.daltonsbusiness.com/fire-extinguisher-businesses-for-sale/,2026-09-29,region NO,
F9,Fire & security,Fire Electronic Security Electrical & Fire Protection & Mechanical,North East England,850000,not stated,n/a,not stated,n/a,n/a,not stated,not stated,repeat/referred trade,not stated,not stated,Daltons agent (unnamed),https://www.daltonsbusiness.com/fire-extinguisher-businesses-for-sale/,2026-09-29,NO,
F10,Fire & security,South West based fire & security systems solutions company,Devon,199950,not stated,n/a,not stated,n/a,n/a,not stated,not stated,not stated,not stated,not stated,Daltons agent (unnamed),https://www.daltonsbusiness.com/fire-extinguisher-businesses-for-sale/,2026-09-29,region NO,
F11,Fire,Independent fire safety solutions company,Milford Haven Pembrokeshire,169950,not stated,n/a,not stated,n/a,n/a,not stated,not stated,blue-chip commercial base,not stated,not stated,Daltons agent (unnamed),https://www.daltonsbusiness.com/listing/independent-fire-safety-solutions-company-in-south-west-wale-for-sale-DB1136356/,2026-09-29,region NO,
F12,Fire & security,Alarm CCTV & Fire Protection Specialist - Cardiff,South Wales,109995,56010,YE Mar 2024,43895,gross profit,n/a,not stated,not stated,longstanding clients since 1988,not stated,not stated,Blacks Business Brokers via Daltons,https://www.daltonsbusiness.com/listing/alarm-cctv-fire-protection-specialist-cardiff-for-sale-DB2598488/,2026-09-29,NO (too small),
F13,Fire (M&A vault),Fire Safety and Technical Compliance (elite provider),UK,not stated,20000000,latest,15% profitability,margin only,n/a,not stated,not stated,not stated,not stated,not stated,BusinessesForSale M&A Vault,https://uk.businessesforsale.com/uk/m-and-a-vault/fire-safety-and-technical-compliance,2026-09-29,NO (far above),
L1,Lifts,Lift Service & Installation Company HLJ260,Republic of Ireland,not stated,not stated,n/a,not stated,n/a,n/a,not stated,owners retiring 'in foreseeable future',750+ long-term service & maintenance contracts; very high retention,retirement,not stated,Hornblower Business Brokers,https://hornblower-businesses.co.uk/business-for-sale/lift-service-installation-company-hlj260/,2026-09-29,region NO,Only independent passenger-lift maintenance listing found anywhere
L2,Lifts (adjacent - technical FM),HVAC installation and maintenance services / technical FM covering lifts & generators,Republic of Ireland,Offers invited,648000 (EUR),YE25,48000 (EUR),adjusted EBITDA,n/a,not stated,not stated,20 clients,not stated,not stated,Daltons agent (unnamed),https://www.daltonsbusiness.com/listing/hvac-installation-and-maintenance-services-for-sale-DB2587642/,2026-09-29,NO,
L3,Lifts (adjacent - tail lifts not passenger),Installs Maintains and Repairs Tail Lifts,Greater Manchester,Offers invited,308000,YE25,140000,adjusted EBITDA,n/a,not stated,not stated,not stated,not stated,not stated,Daltons agent 5403,https://www.daltonsbusiness.com/listing/installs-maintains-and-repairs-tail-lifts-for-sale-DB2498169/,2026-09-29,NO (wrong sub-sector),Vehicle tail lifts - not LOLER passenger lifts
