id,category,sub_sector,source_site,url,summary,region,se_london_hc,turnover_gbp,profit_gbp,profit_type,asking_price_gbp,implied_multiple,years_trading,reason_for_sale,retiring,owner_role,under_management,staff_count,contract_base,customer_concentration,seller_finance,asset_fleet_value,property,flags
A1,A,Commercial/domestic/window cleaning,Daltons (also BFS),https://www.daltonsbusiness.com/listing/domestic-commercial-and-window-cleaning-for-sale-DB2490217/,"Niche domestic, commercial and window cleaning round, Exeter; 600+ clients; liveried van fleet",Devon (SW),N,253566,140000,net profit (approx),230000,1.64,not stated,not stated,not stated,not stated,not stated,"trained uniformed staff (number not stated)","window cleaning round, 600+ clients",not stated,not stated,"fleet of vans + equipment, at valuation on top of price",home-based; no premises,price excludes vehicles at valuation
A2,A,Commercial window cleaning,BFS,https://uk.businessesforsale.com/uk/thriving-window-cleaning-business.aspx,"Long-established commercial window/cleaning business, London, 45+ year history",London,Y,306041,,not stated,225000,,45+,not stated,not stated,not stated,not stated,not stated,not stated,not stated,not stated,not stated,not stated,BFS listing page blocked (403); category-page data only
A3,A,Construction/post-build cleaning,BFS,https://uk.businessesforsale.com/uk/built-on-precision-leading-construction-cleaning-specialist-for-sale.aspx,"Construction and post-build cleaning contractor operating throughout London",London,Y,452000,,not stated,299999,,not stated,not stated,not stated,not stated,not stated,not stated,not stated,not stated,not stated,not stated,not stated,BFS listing page blocked (403); category-page data only
A4,A,Commercial & domestic cleaning,Daltons,https://www.daltonsbusiness.com/listing/established-commercial-domestic-cleaning-for-sale-DB2520517/,"30-year cleaning company Cardiff: office cleaning, housekeeping, maintenance; 2 managers + 7 supervisors; 7 vans",Cardiff (Wales),N,1000000,,not stated,390000,,30,not stated,not stated,not stated,Y (2 experienced managers + 7 supervisors),"2 managers, 7 supervisors + workforce",loyal and diverse client base,not stated,not stated,7 branded vans,option to buy freehold separately,price is £390k plus net assets
A5,A,Exterior commercial cleaning,Daltons,https://www.daltonsbusiness.com/listing/commercial-domestic-exterior-cleaning-for-sale-DB2402368/,"Exterior cleaning specialists (national chains, schools, local authorities), South Devon, founded 1997",Devon (SW),N,158722,76000,profit before tax,149950,1.97,28 (founded 1997),health reasons,N (health),not stated,not stated,not stated,"national chains, schools, local authorities; diary full 2 months ahead",not stated,not stated,"3 vans, 13m MEWP, tower scaffold, cleaning kit (included)",leasehold; premises not included,borderline (£50 under £150k floor)
A6,A,Electronic security (alarms/CCTV/fire) install & maintain,Daltons,https://www.daltonsbusiness.com/listing/leading-independent-provider-of-electronic-for-sale-DB2573039/,"40+ year SSAIB electronic security firm, North/West Yorkshire; 3,500 systems installed/maintained; 35% net margin",North Yorkshire,N,263888,93747,net profit,285000,3.04,40+,not stated,not stated,not stated,not stated,not stated,maintains & monitors systems (ongoing service implied),not stated,not stated,stock at valuation,home-based; relocatable,
A7,A,Security systems (gates/barriers/access/CCTV),Daltons,https://www.daltonsbusiness.com/listing/commercial-residential-security-solutions-for-sale-DB2433922/,"Perimeter security installer est. 1989; annual maintenance contracts; schools/airports clients; Gate Safe member",South East England,Y,548788,247382,gross profit (NP not stated),280000,,36 (est 1989),genuine retirement sale,Y,not stated,not stated,not stated,strong secondary income from annual maintenance contracts,diverse,not stated,stock at valuation,not home based; not relocatable,
A8,A,Electronic security & automation install/maintain,Daltons (Knightsbridge),https://www.daltonsbusiness.com/listing/installer-and-maintainer-of-automated-security-for-sale-DB2455637/,"Access control/CCTV/gates/barriers installer, Southern England; 25% of income from maintenance contracts",Southern England (unspecified),N,196000,92000,adjusted EBITDA,250000,2.72,not stated,relocating,N (relocating),not stated,not stated,not stated,25% of income from maintenance contracts; planned works in place,60% of sales from existing relationships,not stated,not stated,none; fully relocatable,price is guidance oiro £250k (offers invited)
A9,A,Fire & security systems,Daltons,https://www.daltonsbusiness.com/listing/south-west-based-fire-security-systems-for-sale-DB1812497/,"Fire & security systems design/install/maintenance, Devon; domestic & commercial base",Devon (SW),N,285782,,not stated,199950,,not stated (many years),not stated,not stated,not stated,not stated,not stated,maintenance services (implied),not stated,not stated,equipment & vehicle included,leasehold industrial office/storage,
A10,A,Fire safety services,Daltons,https://www.daltonsbusiness.com/listing/independent-fire-safety-solutions-company-for-sale-DB1136356/,"Long-established one-stop fire safety company, Milford Haven; blue-chip commercial base",Pembrokeshire (Wales),N,97921,,not stated,169950,,long established,genuine sale after many years in same hands,not stated,"hands-on operator scope ('HUGE scope to develop for hands on operator')",not stated,not stated,not stated,blue-chip commercial client base,not stated,equipment included,leasehold warehouse/office,
A11,A,Security installation,Daltons,https://www.daltonsbusiness.com/listing/profitable-security-company-based-in-the-for-sale-DB2469127/,"Longstanding security solutions firm, West Midlands, domestic & commercial",West Midlands,N,92321,40866,net profit,150000,3.67,not stated,not stated,not stated,not stated,not stated,not stated,not stated,not stated,not stated,not stated,not stated,small (T/O <£100k)
A12,A,Health & safety / CDM compliance consultancy,Intelligent (also BFS),https://www.intelligent.co.uk/businesses-for-sale/specialist-health-safety-consultancy-with-strong-retained-client-base-int3815,"H&S and CDM consultancy with strong retained client base (construction/engineering/manufacturing), Dorset",Dorset (SW),N,186232,104787,net profit,300000,2.86,not stated,not stated,not stated,not stated,not stated,not stated,retained client base,not stated,not stated,not stated,not stated,
A13,A,Grounds maintenance contract portfolio,Daltons (Intelligent),https://www.daltonsbusiness.com/listing/long-established-grounds-maintenance-contract-for-sale-DB2574970/,"47-year grounds maintenance contract portfolio, NW London; annual contracts with managing agents/housing assocs; asset sale (name excluded)",London (NW London & counties),Y,285000,142000,net profit,320625,2.26,47,not stated,not stated,not stated,not stated,3,"annual contracts; some held 10, 20, 30+ years",diverse sectors,not stated,not stated,none (asset sale),asset sale only; trading name excluded
A14,A,Landscaping & grounds maintenance,Firms For Sale,https://firmsforsale.co.uk/firm-for-sale-full-details-14848.htm,"Landscaping & grounds maintenance contractor, Kent, c.£500k pa 'with high profits'",Kent,Y,500000,,not stated ('high profits'),499950,,not stated,not stated,not stated,not stated,not stated,not stated,not stated,not stated,not stated,not stated,leasehold; relocatable if required,turnover approximate ('circa')
A15,A,Clinical/sanitary waste collection,Daltons (Swan),https://www.daltonsbusiness.com/listing/profitable-and-well-established-waste-disposal-for-sale-DB2592330/,"Clinical, sanitary and offensive waste disposal; nationwide repeat customers; home-based",East Midlands,N,425828,176012,net profit,400000,2.27,not stated,retirement,Y,not stated,not stated,not stated,substantial base of repeat customers,diverse nationwide,not stated,valuable asset list included (value n/s),home-based; relocatable,
A16,A,Skip hire & waste (freehold),BFS,https://uk.businessesforsale.com/uk/freehold-waste-management-skip-hire-business-located-near-tintagel.aspx,"Freehold skip hire/waste management near Tintagel; c.191 skips; licences; scrap metal",Cornwall (SW),N,446089,,not stated,499999,,not stated,not stated,not stated,not stated,not stated,not stated,not stated,not stated,not stated,c.191 skips,freehold,BFS listing page blocked (403)
A17,A,Skip hire & waste,Daltons (CoGoGo),https://www.daltonsbusiness.com/listing/own-a-fully-loaded-skip-hire-business-with-for-sale-DB2438569/,"Family-run skip hire/waste, Stratford-upon-Avon; waste transfer permit; £50k assets",Warwickshire (W Mids),N,168547,7106,net profit,165000,23.22,not stated,not stated,not stated,not stated,not stated,not stated,not stated,not stated,not stated,"£50,000 operational assets; permit cost >£40k","leasehold (rent £1,093 pcm)",very low stated profit
A18,A,Skip hire & waste,Daltons,https://www.daltonsbusiness.com/listing/independent-skip-hire-waste-management-for-sale-DB1813418/,"Independent skip hire & waste management Ltd Co, King's Lynn; licensed recycling premises",Norfolk (East),N,507705,,not stated,550000,,many years,not stated,not stated,not stated,not stated,not stated,domestic & trade client base,not stated,not offered,extensive skips/plant/vehicles included,leasehold licensed recycling workshop,
A19,A,Waste clearance (London),BFS,https://uk.businessesforsale.com/uk/profitable-remote-operated-london-waste-management-business-for-sale.aspx,"Remote-operated independent waste clearance company, Greater London",Greater London,Y,607831,34923,net profit,350000,10.02,not stated,not stated,not stated,remote-operated (stated in title),not stated,not stated,not stated,not stated,not stated,not stated,not stated,BFS listing page blocked (403); high multiple
A20,A,Drainage maintenance & repair,Intelligent,https://www.intelligent.co.uk/businesses-for-sale/independent-drainage-maintenance-repair-contractor-with-diversified-customer-base-int3588,"Independent drainage maintenance & repair contractor with diversified customer base",North West England,N,513931,252903,net profit,525000,2.08,not stated,not stated,not stated,not stated,not stated,not stated,diversified customer base,diversified,not stated,not stated,not stated,
A21,A,Security gates/barriers/access control (manufacture & install),BFS (also Daltons),https://uk.businessesforsale.com/uk/specialist-security-gate-manufacturer-outstanding-brand-name-in-west-yorkshire.aspx,"Long-established manufacturer/installer of gates, traffic barriers, access control, West Yorkshire",West Yorkshire,N,,175000,net profit,399500,2.28,long established,not stated,not stated,not stated,not stated,not stated,not stated,not stated,not stated,not stated,not stated,manufacturing element; BFS page blocked
A22,A,Health & safety / quality consultancy,BFS,https://uk.businessesforsale.com/uk/safe-hands-strong-systems-established-health-and-safety-consultancy-for-sale.aspx,"H&S and quality consultancy with loyal recurring client base, Nottingham",Nottinghamshire (E Mids),N,124204,,not stated,149999,,not stated,not stated,not stated,not stated,not stated,not stated,loyal recurring client base,not stated,not stated,not stated,not stated,borderline (£1 under floor); BFS page blocked
A23,A,Pest control,CoGoGo (Hilton Smythe),https://letscogogo.com/businesses-for-sale/well-established-pest-control-business-for-sale-7656/,"Protecta Pest Control, Horsham; est. 2000; Surrey/W Sussex/N Hants; customer list + contract info sold; no handover",West Sussex,Y,,,not stated (financials on request),159995,,23+ (est 2000),owner desires to relocate,N (relocating),founder-run,N (no handover period),not stated,pest contract info included (values n/s),not stated,not stated,no stock or property,none,likely owner-operator (no handover offered)
B1,B,Tool & plant hire,Daltons (also BFS),https://www.daltonsbusiness.com/listing/established-tool-plant-hire-business-for-sale-DB2467946/,"Long-established regional tool & plant hire, East Suffolk; commercial & domestic base; Blacks",Suffolk (East),N,311585,276636,gross profit (NP not stated),499995,,long established,not stated,not stated,not stated,not stated,not stated,extensive commercial & domestic client base,not stated,not stated,high quality equipment included (value n/s),leasehold with parking,
B2,B,MEWP / cherry picker hire (operated),Daltons (EMF; also BFS),https://www.daltonsbusiness.com/listing/mobile-elevated-work-platform-cherry-picker-for-sale-DB2558477/,"Cherry picker hire with operative, North Devon; no staff; one machine out at a time; 'substantial six figure net profit'",Devon (SW),N,316353,,'substantial six figure net profit' (figure n/s),345000,,not stated,not stated,not stated,owner operates machine (all hires with operative; no staff),N,0,mainly commercial premises (B2B),most clients other businesses,not stated,"inventory c.£150,000","leasehold optional (2022 unit 2,250 sq ft)",owner-operator model
B3,B,Plant & grab hire,Daltons (Blacks; also BFS),https://www.daltonsbusiness.com/listing/specialist-plant-grab-hire-derbyshire-for-sale-DB2028642/,"Specialist plant & grab hire, Derbyshire; equipment worth c.£250k included; no staff; rent £500 pcm",Derbyshire (E Mids),N,158935,34072,"net profit (adjusted £86,963)",225000,6.60,not stated,not stated,not stated,no staff (owner-operated),N,0,repeat customer base,not stated,not stated,"equipment c.£250,000",leasehold (£500 pcm),owner-operator; adj-profit multiple 2.59
B4,B,Scaffolding & access hire,Daltons (Abercorn),https://www.daltonsbusiness.com/listing/commercial-scaffolding-access-solutions-for-sale-DB2434221/,"Cuplock scaffolding & access specialist, Edinburgh/Central Scotland, est. 2014; £275k assets; 'minimal owner dependency'",Edinburgh (Scotland),N,381000,,not stated,390000,,11 (est 2014),not stated,not stated,minimal owner dependency,Y (minimal owner dependency),not stated,strong repeat business,domestic/commercial/industrial,not stated,"£275,000 (scaffold £100k, equipment £50k, vehicles £37k, forklift, tools)",leasehold; not relocatable,
B5,B,Concrete pumping (operated plant),BFS,https://uk.businessesforsale.com/uk/profitable-concrete-pumping-specialist-for-sale.aspx,"Long-established concrete pumping business, Knaresborough; Yorkshire & NE",North Yorkshire,N,478223,,not stated,399950,,long established,not stated,not stated,not stated,not stated,not stated,not stated,not stated,not stated,not stated,not stated,BFS page blocked; operated-plant service
B6,B,Tools/trailers/machinery hire & sales,BFS,https://uk.businessesforsale.com/uk/supplier-of-tools-trailers-and-machinery-for-hire-for-sale.aspx,"New & used tools, trailers and machinery for hire and sale, East Yorkshire",East Yorkshire,N,209000,67000,adjusted EBITDA (circa),225000,3.36,not stated,not stated,not stated,not stated,not stated,not stated,not stated,not stated,not stated,not stated,not stated,BFS page blocked
B7,B,Scaffold tower hire & erection,BFS,https://uk.businessesforsale.com/uk/scaffold-tower-hire-and-erection-contractor-in-hampshire.aspx,"Aluminium scaffold tower hire & erection contractor, Winchester; secure yard; registered operatives",Hampshire (SE),Y,367966,137130,net profit,275000,2.01,not stated,not stated,not stated,not stated,not stated,registered operatives (number n/s),not stated,not stated,not stated,not stated,secure storage yard,BFS page blocked
B8,B,Event hire (beer benches/tables),Daltons (Blacks),https://www.daltonsbusiness.com/listing/specialist-event-hire-business-holcombe-for-sale-DB2561613/,"Wooden beer bench/table hire for festivals & corporate events, national delivery, est. 2012",Somerset (SW),N,149877,113758,gross profit (NP not stated),399950,,13 (est 2012),not stated,not stated,not stated,not stated,not stated,strong contracts with major event clients,not stated,not stated,not stated,leasehold,asset-backed; price 2.7x turnover
B9,B,Event furniture hire,Daltons,https://www.daltonsbusiness.com/listing/bespoke-event-furniture-hire-design-for-sale-DB2607325/,"Handmade event furniture hire, Norfolk, inc. 2016; clients Live Nation, Festival Republic, Google; inventory £95k",Norfolk (East),N,,,not stated (98 jobs 2025),180000,,9 (inc 2016),not stated,not stated,"owner answers enquiries, quotes, manages customers, arranges vans/drivers (hands-on)",N,1 part-time + owners,3 bookings for 2027 (c.£9.5k),major event promoters,not stated,"furniture c.£95,000 (July 2025)",none; relocatable,price plus stock at valuation
B10,B,Plant hire,Firms For Sale,https://firmsforsale.co.uk/firm-for-sale-full-details-14897.htm,"Plant hire company, Stoke-on-Trent; blue-chip private/public clients; retirement sale",Staffordshire (W Mids),N,450000,,not stated,450000,,many years,retirement,Y,not stated,not stated,not stated,regular blue-chip clients,not stated,not stated,not stated,rented warehouse/office; not relocatable,turnover 'pa' per summary
B11,B,Plant hire,Firms For Sale (RTA),https://firmsforsale.co.uk/firm-for-sale-full-details-14883.htm,"Plant hire, Wrexham; one owner 22 years; genuine retirement sale; bolt-on opportunity",Wrexham (Wales),N,170000,,not stated ('good profits'),330000,,22 (one owner),genuine retirement,Y,single proprietor,not stated,not stated,not stated,not stated,not stated,not stated,rented compound low rent leasehold,turnover approximate
B12,B,Tool hire,Firms For Sale,https://firmsforsale.co.uk/firm-for-sale-full-details-14882.htm,"Tool hire, Bathgate West Lothian; T/O £440k; 67% gross profit; strong repeat base",West Lothian (Scotland),N,440000,,gross margin 67% (NP n/s),496950,,not stated,not stated,not stated,not stated,not stated,not stated,strong repeat client base,not stated,not stated,not stated,leasehold substantial unit,
B13,B,Scaffolding & access hire,Daltons (Goodwins),https://www.daltonsbusiness.com/listing/long-established-scaffolding-access-for-sale-DB2578426/,"55-year scaffolding & access business, Bristol area; assets c.£300k free of finance; trainee manager",Bristol (SW),N,415000,,not stated,485000,,55+,not stated,not stated,not stated,partial (trainee manager progressing to independence),employed team + subcontract scaffolders,repeat commercial clients; maintenance contracts identified as growth,not stated,not stated,"c.£300,000 replacement value, free of finance",leasehold yard (40+ years),
B14,B,Marquee & event equipment hire,Daltons (KBS),https://www.daltonsbusiness.com/listing/a-provider-of-marquees-and-associated-equipment-for-sale-DB2183627/,"Marquee/equipment provider, Northern England; £350k goodwill + £200k stock; second-tier management team",Northern England,N,483000,107000,adjusted EBITDA,550000,5.14,not stated,not stated,not stated,shareholders not needed day-to-day,Y (second-tier team 80 yrs experience),not stated,continual demand; 75% tender success,education/local authority/hospitality/film,not stated,"£200,000 stock included",leasehold (MD owns freehold; lease negotiable),multiple ex-stock 3.27x
B15,B,Roofing & scaffolding services,Daltons,https://www.daltonsbusiness.com/listing/roofing-scaffolding-services-business-for-sale-DB2104353/,"Roofing & scaffolding services, East Devon; Devon/Somerset coverage",Devon (SW),N,800000,153000,net profit,450000,2.94,not stated,not stated,not stated,not stated,not stated,not stated,not stated,not stated,not stated,not stated,not stated,mixed roofing contractor + scaffolding
C1,C,"Courier (multi-drop, DPD-type subcontract)",Daltons (Blacks; also BFS),https://www.daltonsbusiness.com/listing/courier-delivery-specialist-lincolnshire-for-sale-DB2377675/,"Courier & delivery specialist, Lincoln; est. 2018; 4 vans; fully relocatable; 'ideal bolt-on'",Lincolnshire (E Mids),N,726737,76706,net profit,199995,2.61,7 (est 2018),not stated,not stated,not stated,not stated,not stated,not stated,not stated,not stated,"4 delivery vans included","leasehold; relocatable","accounts to Apr 2024"
C2,C,Courier (DPD contracts),Daltons (Blacks; also BFS),https://www.daltonsbusiness.com/listing/courier-services-specialist-south-yorkshire-for-sale-DB2377755/,"Courier services specialist, South Yorkshire; est. 2015; 15 DPD contracts; 15 vehicles; relocatable",South Yorkshire,N,872005,125000,"adjusted (£125k 'to be added to net profit after owners exit'; base NP n/s)",569995,4.56,10 (est 2015),not stated,not stated,owners' remuneration added back (implies working owners),N (owner add-back),not stated,15 contracts with DPD,DPD (single network),not stated,15 delivery vehicles (per BFS),leasehold; relocatable,customer concentration: DPD
C3,C,Courier (European specialist),Daltons (CoGoGo; also BFS),https://www.daltonsbusiness.com/listing/driving-success-across-europe-established-for-sale-DB2494320/,"Eurogearshift specialist courier, Tewkesbury; European routes; 2 staff; inc 2015",Gloucestershire (SW),N,397153,48000,net profit (per BFS category page),199999,4.17,10+ (inc 2015),personal life changes,N,not stated,not stated,2,repeat business,not stated,not stated,not stated,leasehold (rent £12k pa; no rates),
C4,C,Courier & haulage,BFS,https://uk.businessesforsale.com/uk/well-established-haulage-and-courier-business-for-sale-1.aspx,"Speedway Couriers, Hull; est. 1999; owner seeking retirement",Hull (Yorkshire),N,658720,,not stated,575000,,26 (est 1999),retirement,Y,not stated,not stated,not stated,not stated,not stated,not stated,not stated,not stated,BFS page blocked
C5,C,Regional same-day courier & logistics,BFS (also Daltons offers invited),https://uk.businessesforsale.com/uk/regional-courier-and-logistics-business-for-sale.aspx,"20-year regional courier/logistics, Norfolk; 20+ vans; UPS partner; owners retiring; vendor finance 'not available'",Norfolk (East),N,2000000,200000,net profit,500000,2.50,20,owners looking to retire,Y,not stated,not stated,not stated,UPS partnership; bespoke tracking,not stated,N (stated not available),20+ vans,not relocatable,Daltons copy says offers invited
C6,C,Same-day courier,Daltons (Knightsbridge),https://www.daltonsbusiness.com/listing/reputable-and-dedicated-same-day-courier-for-sale-DB2533088/,"Largest same-day operator in its area, South East; ~50 active clients; second-tier management runs day-to-day",South East England,Y,446000,147000,adjusted EBITDA,450000,3.06,not stated,lifestyle changes,N,not day-to-day (second-tier team runs business),Y,not stated,~50 active clients with repeat revenue,not quantified,not stated,not stated,leasehold; can be run remotely,price = offers in excess of £450k
C7,C,Haulage (traction contracting),Daltons (Blacks),https://www.daltonsbusiness.com/listing/road-transport-haulage-business-hungerford-for-sale-DB2602775/,"Specialist traction contracting haulage, Hungerford; est. 2018; strong B2B base",Berkshire (SE),Y,1245596,727361,gross profit (NP not stated),200000,,7 (est 2018),not stated,not stated,not stated,not stated,not stated,strong B2B transport customer base,not stated,not stated,not stated,leasehold,low price vs turnover (0.16x)
C8,C,General haulage,Daltons,https://www.daltonsbusiness.com/listing/haulage-for-sale-DB2607348/,"Long-established general haulage, South Yorkshire; 1.5-acre depot; management team, office staff, employed drivers; owners retiring",South Yorkshire,N,1262185,250000,adjusted net profit (in excess of),475000,1.90,several decades,retiring,Y,not day-to-day (management team in place),Y,management team + office + drivers + subcontractors,longstanding client relationships (decades),not stated,not stated,fleet included (value n/s),leasehold £475k or freehold £1.6m,
C9,C,Removals/storage & light haulage,Daltons,https://www.daltonsbusiness.com/listing/removals-storage-light-haulage-business-for-sale-DB2421877/,"Family-run removals, container storage & light haulage, Inverurie; retirement",Aberdeenshire (Scotland),N,370166,,not stated,349950,,long established,genuine retirement,Y,"'HUGE scope for hands-on operator' (implies hands-on)",N (implied),not stated,loyal client base,not stated,not stated,all vehicles included,leasehold container warehouse/office,
C10,C,Freight forwarding & haulage,Daltons,https://www.daltonsbusiness.com/listing/commercial-freight-forwarding-haulage-for-sale-DB1135747/,"Freight forwarding & brokerage Ltd Co, Bradford; retirement",Bradford (Yorkshire),N,376357,,not stated,299950,,long established,genuine retirement,Y,"'HUGE scope for hands-on operator' (implies hands-on)",N (implied),not stated,commercial client base,not stated,not stated,not stated,leasehold shared industrial premises,
C11,C,Storage & removals,BFS,https://uk.businessesforsale.com/uk/storage-and-removal-solutions-for-sale-1.aspx,"Storage and removal provider, England, decade-long history",England (unspecified),N,355972,,not stated,229995,,10,not stated,not stated,not stated,not stated,not stated,not stated,not stated,not stated,not stated,not stated,BFS page blocked
C12,C,Removals & storage,Daltons (Abercorn),https://www.daltonsbusiness.com/listing/removals-and-storage-company-serving-the-for-sale-DB2506347/,"Systemised removals & storage, S Shropshire + Corby; est. 2023; ops manager; owner not required day-to-day; 27% margin",Shropshire (W Mids),N,454822,123084,net profit (EBITDA £120k+),250000,2.03,3 (est 2023),not stated,not stated,owner not required for day-to-day,Y (operations manager),full-time office support + ops manager,recurring storage income; contracted estate-agent referrals,not stated,not stated,not stated,leasehold; relocatable,young business
