company_number,name,sic,incorporated,registered_office,screen_stage,n_directors,oldest_director_birth_year,directors,director_is_psc,latest_accounts_date,latest_accounts_type,net_assets_gbp,cash_at_bank_gbp,creditors_lt1yr_gbp,employees,turnover_gbp,website,accounts_note,score_owner_age,score_size,score_keyword,score_location,score_total,why
07024862,CRITICAL POWER SUPPLIES LIMITED,"43210, 46520, 62090",21 September 2009,"Thame, Oxfordshire",full (officers+accounts OCR),2,1960,"KOFFLER, Jason Justin (March 1970); KOFFLER-SLUIJTER, Susan (April 1960)",yes (J Koffler sole PSC),31 December 2025,Total exemption full accounts,270314,453443,1337672,11,not disclosed,not searched (budget),TEF; debtors 1.03m / creditors 1.34m => turnover probably 3-6m (UPS/generator sales+service); 14 staff prior yr; bank loans 67k; wife appointed director 2026,40,30,14,10,94,"oldest dir b.1960, 2 dirs, NA £270,314, 11 staff, cash £453,443; PSC/founder J Koffler b.1970 (56); b.1960 director is wife appointed 2026; scale likely above EV band - see note"
03964068,MCNEILLY ELECTRICAL & MAINTENANCE SERVICES LIMITED,43210,4 April 2000,"Breachwood Green, Hertfordshire SG4 8NP",full (officers+accounts OCR),1,1964,"MCNEILLY, David John (October 1964)",yes (D & K McNeilly),30 September 2025,Total exemption full accounts,106016,109404,54201,3,not disclosed,not searched (budget),bank loan 10k; TEF; P&L not filed,40,30,14,10,94,"oldest dir b.1964, 1 dir, NA £106,016, 3 staff, cash £109,404"
04340888,THE ELECTRICAL MAINTENANCE COMPANY LTD,43210,14 December 2001,"Chelmsford, Essex",full (officers+accounts OCR),3,1957,"DONNELLY, Michael John (December 1957); DONNELLY, Scott Michael (May 1990); DREW, David Allan (February 1992)",yes (M & W Donnelly),31 December 2025,Total exemption full accounts,117589,79404,66047,4,not disclosed,not searched (budget),"TEF; tax/NI creditor 55,964; son+colleague appointed directors 2025",40,30,14,10,94,"oldest dir b.1957, 3 dirs, NA £117,589, 4 staff, cash £79,404; succession started: son b.1990 + colleague b.1992 made directors 2025; parents are PSCs"
07753202,POWER SYSTEMS SERVICE LIMITED,82990,25 August 2011,"Guildford, Surrey",full (officers+accounts OCR),1,1969,"ARNOLD, Craig Stuart (April 1969)",inferred (sole director),31 August 2025,Unaudited abridged accounts,550852,94805,27961,3,not disclosed,not searched (budget),abridged; fixed assets 401k (plant/property?); prior yr debtors 650k & creditors 623k => lumpy project business,40,30,10,10,90,"oldest dir b.1969, 1 dir, NA £550,852, 3 staff, cash £94,805; NA at top of band, FA 401k; lumpy project debtors/creditors"
05173031,SWITCHGEAR TECHNOLOGY LIMITED,27900,7 July 2004,"Bromley, Kent",full (officers+accounts OCR),3,1960,"FAGAN, Luke Gaitskell (August 1960); LUCERN, Joseph (September 1996); PENHALIGON, Daniel (January 1995)",yes (L Fagan sole PSC),31 August 2025,Total exemption full accounts,134826,151412,330681,9,not disclosed,not searched (budget),TEF; stock 33k; trade creditors 170k; co-founder Hilton exited 2022; two directors b.1995/96 appointed 2024,40,30,10,10,90,"oldest dir b.1960, 3 dirs, NA £134,826, 9 staff, cash £151,412; two directors b.1995/96 appointed 2024 (succession/MBO in train?); SIC 27900 = switchgear manufacture"
04105556,M.B. POWER SERVICES (ESSEX) LTD,43210,10 November 2000,"Hockley, Essex SS5 4JH",full (officers+accounts OCR),2,1963,"BURRIDGE, Brent (October 1970); BURRIDGE, Karl (September 1963)",yes (K Burridge),30 November 2025,Micro company accounts,95679,n/d,37184,4,not disclosed,not searched (budget),"micro; current assets 117,001; prior-yr creditors 9,636",40,30,6,10,86,"oldest dir b.1963, 2 dirs, NA £95,679, 4 staff; both directors appointed 2015 into a 2000 company (likely bought in 2015)"
07042291,B S ELECTRICAL & TESTING LIMITED,43210,14 October 2009,"84 Lodge Road, Southampton SO14 6RG",full (officers+accounts OCR),1,1956,"TAKHAR, Bahadar Singh (June 1956)",inferred (sole director),31 March 2025,Micro company accounts,106188,n/d,216,1,not disclosed,not searched (budget),micro; one-man; cash-rich lifestyle co; owner 70,40,18,20,5,83,"oldest dir b.1956, 1 dir, NA £106,188, 1 staff"
05113065,CONCEPT ELECTRICAL AND MAINTENANCE LIMITED,43210,27 April 2004,"Basingstoke, Hampshire",full (officers+accounts OCR),1,1965,"SIMMONS, Anthony (March 1965)",inferred (sole director),31 March 2025,Micro company accounts,72022,n/d,480,1,not disclosed,not searched (budget),"micro; current assets 89,423; LT creditors 24,380 (likely BBL/director); one-man",40,18,14,10,82,"oldest dir b.1965, 1 dir, NA £72,022, 1 staff"
09157590,BACON LIGHTNING PROTECTION & MAINTENANCE LIMITED,43999,1 August 2014,"White Horse Lane, Maldon",officers,4,1957,"BACON, Christopher Alan (November 1966); BACON, James Christopher (February 1999); BACON, Michelle (March 1971); HOWARD, Timothy Eugene (November 1957)",not checked,,,,,,,,not searched (budget),,40,10,14,10,74,oldest director b.1957 (age fit); accounts not pulled (budget)
06654293,CONNECT PAT TESTING LIMITED,71200,23 July 2008,"Harrow, Middlesex",full (officers+accounts OCR),2,1962,"LEVY, Michael David (September 1962); LEVY, Rona Marion (May 1965)",not checked,31 August 2025,Micro company accounts,3962,n/d,5187,2,not disclosed,not searched (budget),micro; husband & wife,40,3,20,10,73,"oldest dir b.1962, 2 dirs, NA £3,962, 2 staff"
05348921,J.R.B. ELECTRICAL TESTING SERVICES LTD,33140,1 February 2005,"Chelmsford, Essex CM3 5XX",full (officers+accounts OCR),2,1964,"MORGAN, Alan Steven (February 1964); MORGAN, Karen Barbara (May 1965)",not checked,30 March 2024,Micro company accounts,557,n/d,962,2,not disclosed,not searched (budget),micro; shell-scale; accounts to Mar 2024 only,40,3,20,10,73,"oldest dir b.1964, 2 dirs, NA £557, 2 staff"
08895196,MISTRY ELECTRICAL TESTING LIMITED,43210,14 February 2014,"Harrow, Middlesex HA3 9PT",full (officers+accounts OCR),1,1968,"MISTRY, Yogeshkumar (September 1968)",inferred (sole director),31 March 2026,Micro company accounts,1366,n/d,8175,2,not disclosed,not searched (budget),micro; tiny,40,3,20,10,73,"oldest dir b.1968, 1 dir, NA £1,366, 2 staff"
05637482,PAT TESTING SERVICES LTD,33140,28 November 2005,"Ealing, London",full (officers+accounts OCR),1,1966,"BORG, Emmanuel (March 1966)",inferred (sole director),31 March 2025,Micro company accounts,22606,n/d,22515,1,not disclosed,not searched (budget),micro; one-man,40,3,20,10,73,"oldest dir b.1966, 1 dir, NA £22,606, 1 staff"
05665950,THREE COUNTIES PAT TESTING LIMITED,71200,4 January 2006,"Tring, Hertfordshire",full (officers+accounts OCR),1,1969,"PHILLIPS, David Julian (September 1969)",inferred (sole director),31 January 2026,Micro company accounts,4097,n/d,11826,1,not disclosed,not searched (budget),micro; one-man; director loan in debtors,40,3,20,10,73,"oldest dir b.1969, 1 dir, NA £4,097, 1 staff"
06380319,REEDS ELECTRICAL & SAFETY LIMITED,43210,24 September 2007,"Haywards Heath, West Sussex RH16 3LP",full (officers+accounts OCR),2,1967,"REED, David John (May 1969); REED, Isabelle Mary Christina (April 1967)",not checked,30 September 2025,Micro company accounts,-39515,n/d,n/d,2,not disclosed,not searched (budget),micro; net liabilities,40,3,14,10,67,"oldest dir b.1967, 2 dirs, NA £-39,515, 2 staff"
06265100,ETHERINGTONS ELECTRICAL TESTING LTD,71200,31 May 2007,"Guildford, Surrey",full (officers+accounts OCR),2,1954,"DUNSMUIR, George (July 1954); DUNSMUIR, Jamie Marcus (June 1984)",not checked,31 December 2025,Total exemption full accounts,1186,10730,n/d,2,not disclosed,not searched (budget),TEF but tiny; father (b.1954) & son,32,3,20,10,65,"oldest dir b.1954, 2 dirs, NA £1,186, 2 staff, cash £10,730"
06427184,JMC ELECTRICAL TESTING SERVICES LIMITED,"33140, 71200",14 November 2007,"Harlow, Essex CM20 3EW",full (officers+accounts OCR),1,1954,"CHITSEKO, Julius Mattope (March 1954)",inferred (sole director),30 November 2025,Micro company accounts,3831,n/d,5303,1,not disclosed,not searched (budget),micro; one-man,32,3,20,10,65,"oldest dir b.1954, 1 dir, NA £3,831, 1 staff"
04870639,PAT INSPECTION & TESTING LIMITED,"43210, 43999",19 August 2003,"Leigh Southend, Essex SS9 1PE",full (officers+accounts OCR),1,1951,"FITZGERALD, Colin Michael (December 1951)",inferred (sole director),31 December 2025,Micro company accounts,350,n/d,11013,1,not disclosed,not searched (budget),micro; one-man,32,3,20,10,65,"oldest dir b.1951, 1 dir, NA £350, 1 staff"
09265710,OCEANAS LIGHTNING PROTECTION LTD,43999,15 October 2014,"Polegate, East Sussex",full (officers+accounts OCR),1,1958,"BOYCE, Graham John (July 1958)",inferred (sole director),31 October 2025,Micro company accounts,3870,n/d,17742,2,not disclosed,not searched (budget),micro; tiny; lightning protection niche; owner 68,40,3,10,10,63,"oldest dir b.1958, 1 dir, NA £3,870, 2 staff"
04497973,PKS POWER SYSTEMS LIMITED,43210,29 July 2002,"Hitchin, Hertfordshire",full (officers+accounts OCR),2,1962,"LONGSTAFF, Mary Josephine (July 1962); LONGSTAFF, Paul Kenneth (April 1962)",not checked,31 December 2025,Micro company accounts,-18136,n/d,37592,2,not disclosed,not searched (budget),"net liabilities; LT creditors 21,774",40,3,10,10,63,"oldest dir b.1962, 2 dirs, NA £-18,136, 2 staff"
07834806,QUANTEC ELECTRICAL INSPECTION & TESTING SERVICES LIMITED,99999,3 November 2011,"Maidstone, Kent",officers,1,1936,"DINMORE, Dennis Joseph (April 1936)",inferred (sole director),,,,,,,,not searched (budget),,22,10,20,10,62,oldest director b.1936 (too young/old); accounts not pulled (budget)
06196846,LONDON PAT TESTING LTD,81100,2 April 2007,"283-288 High Holborn, London",officers,1,1971,"FLOWERS, Simon Christopher (April 1971)",inferred (sole director),,,,,,,,not searched (budget),,20,10,20,10,60,oldest director b.1971 (too young/old); accounts not pulled (budget)
07468011,ELECTRICAL DESIGN INSTALLATION AND TESTING LTD,43210,13 December 2010,"15 West Street, Brighton",officers,1,1974,"FELDWICKE, Simon John (July 1974)",inferred (sole director),,,,,,,,not searched (budget),,20,10,20,5,55,oldest director b.1974 (too young/old); accounts not pulled (budget)
09800442,M.S ELECTRICAL TESTING SOLUTIONS LTD,43210,29 September 2015,"Covent Garden, London",search-only,,,,,,,,,,,,not searched (budget),,15,10,20,10,55,name/SIC/location match only; officers & accounts not pulled (budget)
09800531,Y K ELECTRICAL TESTING LTD,43210,29 September 2015,"Upper Tulse Hill, London",search-only,,,,,,,,,,,,not searched (budget),,15,10,20,10,55,name/SIC/location match only; officers & accounts not pulled (budget)
06901759,DARWIN ELECTRICAL MAINTENANCE LIMITED,33140,11 May 2009,"Welling, Kent DA16 2EG",officers,1,1972,"TULLY, Ryan Paul John (December 1972)",inferred (sole director),,,,,,,,not searched (budget),,20,10,14,10,54,oldest director b.1972 (too young/old); accounts not pulled (budget)
08300413,THE LONDON SWITCHGEAR COMPANY LIMITED,99999,20 November 2012,"Watford, Hertfordshire",officers,1,1947,"WRIGHT, Ian Charles (March 1947)",inferred (sole director),,,,,,,,not searched (budget),,22,10,10,10,52,oldest director b.1947 (too young/old); accounts not pulled (budget)
06038982,DNA ELECTRICAL TESTING LIMITED,43210,2 January 2007,"Marston Moretaine, Bedford",search-only,,,,,,,,,,,,not searched (budget),,15,10,20,5,50,name/SIC/location match only; officers & accounts not pulled (budget)
08382199,FIRE AND SAFETY TESTING LIMITED,84250,30 January 2013,"21-23 East Street, Fareham",search-only,,,,,,,,,,,,not searched (budget),,15,10,20,5,50,name/SIC/location match only; officers & accounts not pulled (budget)
06506726,GENERATOR SUPPORT SERVICES LTD,82990,18 February 2008,"Herne Bay, Kent",officers,2,1974,"LOVE, Craig Michael (June 1974); LOVE, Emma Jane (June 1975)",not checked,,,,,,,,not searched (budget),,20,10,10,10,50,oldest director b.1974 (too young/old); accounts not pulled (budget)
09870120,HAMPSHIRE AND DORSET PAT TESTING LIMITED,96090,12 November 2015,"2 Porteous Cresent, Chandlers Ford",search-only,,,,,,,,,,,,not searched (budget),,15,10,20,5,50,name/SIC/location match only; officers & accounts not pulled (budget)
09681999,JS ELECTRICAL TESTING LTD,43210,13 July 2015,"2 Marston, Epsom",search-only,,,,,,,,,,,,not searched (budget),,15,10,20,5,50,name/SIC/location match only; officers & accounts not pulled (budget)
08673682,KENWRIGHT ELECTRICAL TESTING LIMITED,33140,3 September 2013,"Sandy, Bedfordshire SG19 3QP",search-only,,,,,,,,,,,,not searched (budget),,15,10,20,5,50,name/SIC/location match only; officers & accounts not pulled (budget)
06973630,ALDGATE ELECTRICAL & BUILDING MAINTENANCE LTD,96090,27 July 2009,"582 Barking Road, London",search-only,,,,,,,,,,,,not searched (budget),,15,10,14,10,49,name/SIC/location match only; officers & accounts not pulled (budget)
03953872,BYFLEET (MAINTENANCE & ELECTRICAL CONTRACTORS) LTD,43210,22 March 2000,"Burnham On Crouch, Essex CM0 8AA",search-only,,,,,,,,,,,,not searched (budget),,15,10,14,10,49,name/SIC/location match only; officers & accounts not pulled (budget)
08531140,ELECTRICAL SAFETY FIRST LTD,74990,16 May 2013,"45 Great Guildford Street, London",search-only,,,,,,,,,,,,not searched (budget),,15,10,14,10,49,name/SIC/location match only; officers & accounts not pulled (budget)
08598767,J&R ELECTRICAL SERVICES//GENERAL BUILDING MAINTENANCE LIMITED,43999,5 July 2013,"Brighton, East Sussex BN2 4HL",search-only,,,,,,,,,,,,not searched (budget),,15,10,14,10,49,name/SIC/location match only; officers & accounts not pulled (budget)
06405479,LEE ELECTRICAL AND MAINTENANCE LIMITED,43210,22 October 2007,"Benfleet, Essex",search-only,,,,,,,,,,,,not searched (budget),,15,10,14,10,49,name/SIC/location match only; officers & accounts not pulled (budget)
07756796,OFF ELECTRICAL SERVICES AND MAINTENANCE LTD,41202,30 August 2011,"London, Uk SW9 9AD",search-only,,,,,,,,,,,,not searched (budget),,15,10,14,10,49,name/SIC/location match only; officers & accounts not pulled (budget)
06394396,PB ELECTRICAL INSTALLATION AND MAINTENANCE LTD,"43210, 43290",9 October 2007,"Brentwood, Essex CM13 1UL",search-only,,,,,,,,,,,,not searched (budget),,15,10,14,10,49,name/SIC/location match only; officers & accounts not pulled (budget)
07997852,PBT ELECTRICAL & MAINTENANCE LIMITED,43210,20 March 2012,"Burgess Hill, West Sussex RH15 9NF",search-only,,,,,,,,,,,,not searched (budget),,15,10,14,10,49,name/SIC/location match only; officers & accounts not pulled (budget)
08881591,PHASE ELECTRICAL AND MAINTENANCE LTD,43210,7 February 2014,"Basildon, Essex SS14 3JJ",search-only,,,,,,,,,,,,not searched (budget),,15,10,14,10,49,name/SIC/location match only; officers & accounts not pulled (budget)
08500292,ROUGEMONT ELECTRICAL & BUILDING MAINTENANCE LTD,"43210, 68320",23 April 2013,"Morden, Surrey SM4 5QA",search-only,,,,,,,,,,,,not searched (budget),,15,10,14,10,49,name/SIC/location match only; officers & accounts not pulled (budget)
07954400,"S P VALENTINE (ELECTRICAL DESIGN, INSTALLATION AND MAINTENANCE) LIMITED",35140,17 February 2012,"Banbury, Oxfordshire",search-only,,,,,,,,,,,,not searched (budget),,15,10,14,10,49,name/SIC/location match only; officers & accounts not pulled (budget)
09635526,SEAHORSE ELECTRICAL & MAINTENANCE SERVICES LTD,43210,11 June 2015,"Leigh On Sea, Essex SS9 3JY",search-only,,,,,,,,,,,,not searched (budget),,15,10,14,10,49,name/SIC/location match only; officers & accounts not pulled (budget)
08257605,SJC ELECTRICAL & MAINTENANCE LTD,43210,17 October 2012,"Westerham, Kent",search-only,,,,,,,,,,,,not searched (budget),,15,10,14,10,49,name/SIC/location match only; officers & accounts not pulled (budget)
04390110,SLV ELECTRICAL & MAINTENANCE SERVICES LIMITED,33170,8 March 2002,"Sandhurst, Kent TN18 5PR",search-only,,,,,,,,,,,,not searched (budget),,15,10,14,10,49,name/SIC/location match only; officers & accounts not pulled (budget)
05523548,UNINTERRUPTIBLE POWER SUPPLIES LIMITED,70100,1 August 2005,"Hook, Hampshire RG27 9XA",search-only,,,,,,,,,,,,not searched (budget),,15,10,14,10,49,name/SIC/location match only; officers & accounts not pulled (budget)
04450573,T.I. THERMAL IMAGING LIMITED,71200,29 May 2002,"Dorking, Surrey",officers,1,1974,"WALLACE, Richard Malcolm Keay (November 1974)",inferred (sole director),,,,,,,,not searched (budget),,20,10,6,10,46,oldest director b.1974 (too young/old); accounts not pulled (budget)
07528177,ALTERNATIVE POWER SYSTEMS LIMITED,43210,14 February 2011,"77 Worcester Crescent, London",search-only,,,,,,,,,,,,not searched (budget),,15,10,10,10,45,name/SIC/location match only; officers & accounts not pulled (budget)
08163038,ENEGEN POWER SYSTEMS LIMITED,62012,31 July 2012,"Portsmouth, Hampshire",search-only,,,,,,,,,,,,not searched (budget),,15,10,10,10,45,name/SIC/location match only; officers & accounts not pulled (budget)
07769322,GAIA POWER SYSTEMS LTD,35110,12 September 2011,"164-182 Oxford Street, London",search-only,,,,,,,,,,,,not searched (budget),,15,10,10,10,45,name/SIC/location match only; officers & accounts not pulled (budget)
07468824,GENERATOR INSTALLATION SERVICES LIMITED,35120,14 December 2010,"Robertsbridge, East Sussex TN32 5UY",search-only,,,,,,,,,,,,not searched (budget),,15,10,10,10,45,name/SIC/location match only; officers & accounts not pulled (budget)
OC338548,GENERATOR MANAGEMENT SERVICES LLP,,8 July 2008,"Chelmsford, Essex",search-only,,,,,,,,,,,,not searched (budget),,15,10,10,10,45,name/SIC/location match only; officers & accounts not pulled (budget)
07481902,PEAK POWER SYSTEMS LTD,"43210, 43220",4 January 2011,"124 City Road, London",search-only,,,,,,,,,,,,not searched (budget),,15,10,10,10,45,name/SIC/location match only; officers & accounts not pulled (budget)
09848921,STS SWITCHGEAR AND CONTROL LIMITED,27120,29 October 2015,"Dartford, Kent",search-only,,,,,,,,,,,,not searched (budget),,15,10,10,10,45,name/SIC/location match only; officers & accounts not pulled (budget)
07986222,WIV GENERATOR SYSTEMS LIMITED,43210,12 March 2012,"Colchester, Essex",search-only,,,,,,,,,,,,not searched (budget),,15,10,10,10,45,name/SIC/location match only; officers & accounts not pulled (budget)
08905581,"ECM (ELECTRICAL, CONSTRUCTION & MAINTENANCE) LIMITED",43210,20 February 2014,"Fleet, Hampshire",search-only,,,,,,,,,,,,not searched (budget),,15,10,14,5,44,name/SIC/location match only; officers & accounts not pulled (budget)
07544972,ELECTRACARE ELECTRICAL MAINTENANCE LTD,43210,28 February 2011,"Calmore, Southampton SO40 2RY",search-only,,,,,,,,,,,,not searched (budget),,15,10,14,5,44,name/SIC/location match only; officers & accounts not pulled (budget)
09091873,FOXGLOVES (ELECTRICAL SAFETY MANAGEMENT) LIMITED,74909,18 June 2014,"Flitton, Bedfordshire MK45 5ED",search-only,,,,,,,,,,,,not searched (budget),,15,10,14,5,44,name/SIC/location match only; officers & accounts not pulled (budget)
08866024,FT ELECTRICAL & MAINTENANCE LTD,43210,29 January 2014,"Petts Wood, Orpington",search-only,,,,,,,,,,,,not searched (budget),,15,10,14,5,44,name/SIC/location match only; officers & accounts not pulled (budget)
07421053,RSE ELECTRICAL & MAINTENANCE LIMITED,33140,27 October 2010,"1a The Anchorage, Gosport",search-only,,,,,,,,,,,,not searched (budget),,15,10,14,5,44,name/SIC/location match only; officers & accounts not pulled (budget)
08747241,SDS ELECTRICAL AND MAINTENANCE LIMITED,43210,24 October 2013,"Hythe, Southampton",search-only,,,,,,,,,,,,not searched (budget),,15,10,14,5,44,name/SIC/location match only; officers & accounts not pulled (budget)
05893658,CONSTANT POWER SERVICES LIMITED,62090,1 August 2006,"Letchworth Garden City, Hertfordshire SG6 1AZ",search-only,,,,,,,,,,,,not searched (budget),,15,10,6,10,41,name/SIC/location match only; officers & accounts not pulled (budget)
09211982,GH POWER SERVICES LTD.,71122,10 September 2014,"Sittingbourne, Kent",search-only,,,,,,,,,,,,not searched (budget),,15,10,6,10,41,name/SIC/location match only; officers & accounts not pulled (budget)
05109152,MULTI-BUILDING SERVICES POWER INSTALLATIONS LIMITED,43999,22 April 2004,"Reading, South Oxfordshire RG4 9RP",search-only,,,,,,,,,,,,not searched (budget),,15,10,6,10,41,name/SIC/location match only; officers & accounts not pulled (budget)
07317388,POWER UGESI SERVICES LIMITED,71122,16 July 2010,"Fourth Floor, London",search-only,,,,,,,,,,,,not searched (budget),,15,10,6,10,41,name/SIC/location match only; officers & accounts not pulled (budget)
04918971,THERMAL IMAGING SERVICES (UK) LIMITED,71122,2 October 2003,"Chipping Norton, Oxfordshire OX7 6BX",search-only,,,,,,,,,,,,not searched (budget),,15,10,6,10,41,name/SIC/location match only; officers & accounts not pulled (budget)
05104109,BOWMAN POWER SYSTEMS (UK) LIMITED,99999,16 April 2004,"Nursling, Southampton",search-only,,,,,,,,,,,,not searched (budget),,15,10,10,5,40,name/SIC/location match only; officers & accounts not pulled (budget)
05236071,EKARDA POWER SYSTEMS LIMITED,26110,20 September 2004,"66 Aluric Close, Grays RM16 4NB",search-only,,,,,,,,,,,,not searched (budget),,15,10,10,5,40,name/SIC/location match only; officers & accounts not pulled (budget)
07882826,INL ELECTRICAL CONTRACTING & TESTING LTD,43210,14 December 2011,"Fareham, Hampshire",officers,1,1981,"TARGETT, Clifford Paul (February 1981)",inferred (sole director),,,,,,,,not searched (budget),,0,10,20,10,40,oldest director b.1981 (too young/old); accounts not pulled (budget)
08796722,ISOTEK POWER SYSTEMS LIMITED,82110,29 November 2013,"Elettra Avenue, Waterlooville",search-only,,,,,,,,,,,,not searched (budget),,15,10,10,5,40,name/SIC/location match only; officers & accounts not pulled (budget)
06716006,LIGHT & POWER SYSTEMS LTD,96090,6 October 2008,"11 Marsham Way, Gerrards Cross",search-only,,,,,,,,,,,,not searched (budget),,15,10,10,5,40,name/SIC/location match only; officers & accounts not pulled (budget)
06890844,M-POWER SYSTEMS LIMITED,62020,29 April 2009,"Headley, Bordon",search-only,,,,,,,,,,,,not searched (budget),,15,10,10,5,40,name/SIC/location match only; officers & accounts not pulled (budget)
09237220,MICROVAST POWER SYSTEMS UK LIMITED,33170,26 September 2014,"Park Road, Swanley",search-only,,,,,,,,,,,,not searched (budget),,15,10,10,5,40,name/SIC/location match only; officers & accounts not pulled (budget)
08994989,MJB ELECTRICAL TESTING LIMITED,43210,14 April 2014,"New Eltham, London",officers,1,1980,"BERRY, Michael Jason (September 1980)",inferred (sole director),,,,,,,,not searched (budget),,0,10,20,10,40,oldest director b.1980 (too young/old); accounts not pulled (budget)
08439779,PAT TESTING LONDON LTD,74909,12 March 2013,"58 Orchard Avenue, London TW14 9RE",officers,1,1977,"SEKHON, Randip (January 1977)",inferred (sole director),,,,,,,,not searched (budget),,0,10,20,10,40,oldest director b.1977 (too young/old); accounts not pulled (budget)
05892416,POWER SYSTEMS ENGINEERING LIMITED,35120,1 August 2006,"Wood Close, Aylesford",search-only,,,,,,,,,,,,not searched (budget),,15,10,10,5,40,name/SIC/location match only; officers & accounts not pulled (budget)
08541451,POWERLEC ELECTRICAL & TESTING LIMITED,43210,23 May 2013,"Leigh-On-Sea, Essex",officers,1,1982,"ELLETT, Mark (January 1982)",inferred (sole director),,,,,,,,not searched (budget),,0,10,20,10,40,oldest director b.1982 (too young/old); accounts not pulled (budget)
08530884,PROLEC ELECTRICAL AND COMPLIANCE SOLUTIONS LIMITED,43210,15 May 2013,"Eastbourne, East Sussex",officers,4,1987,"DALARIS, Georgios Joseph (April 1988); FINK, James Robert (May 1987); FINK, Oliver Christopher (September 1990); FINK, Robert Matthew (August 1988)",not checked,,,,,,,,not searched (budget),,0,10,20,10,40,oldest director b.1987 (too young/old); accounts not pulled (budget)
07519467,RMB ELECTRICAL & TESTING LTD,43210,7 February 2011,"Billericay, Essex CM12 0HA",officers,1,1976,"BROWN, Robert Mark (May 1976)",inferred (sole director),,,,,,,,not searched (budget),,0,10,20,10,40,oldest director b.1976 (too young/old); accounts not pulled (budget)
06258512,SPARKS PAT TESTING LIMITED,71200,24 May 2007,"Grays, Essex RM17 5RY",officers,1,1978,"SPARKS, Kevin John (November 1978)",inferred (sole director),,,,,,,,not searched (budget),,0,10,20,10,40,oldest director b.1978 (too young/old); accounts not pulled (budget)
04449064,SPECIALIST POWER SYSTEMS LIMITED,"43210, 46520",28 May 2002,"Bedford, Bedfordshire MK43 9PQ",search-only,,,,,,,,,,,,not searched (budget),,15,10,10,5,40,name/SIC/location match only; officers & accounts not pulled (budget)
07866244,POWER SOLUTIONS NETWORK SERVICES LIMITED,43210,30 November 2011,"Luton, Bedfordshire LU4 8FE",search-only,,,,,,,,,,,,not searched (budget),,15,10,6,5,36,name/SIC/location match only; officers & accounts not pulled (budget)
09801455,THERMAL IMAGING SPECIALISTS LTD,43999,30 September 2015,"Albury, Guildford",search-only,,,,,,,,,,,,not searched (budget),,15,10,6,5,36,name/SIC/location match only; officers & accounts not pulled (budget)
09120814,D BURTON ELECTRICAL & TESTING SERVICES LIMITED,"43210, 70229",8 July 2014,"Hoo, Rochester",officers,1,1990,"BURTON, David Peter (June 1990)",inferred (sole director),,,,,,,,not searched (budget),,0,10,20,5,35,oldest director b.1990 (too young/old); accounts not pulled (budget)
06347214,HERTS PAT TESTING LTD,74909,20 August 2007,"35 Friars Walk, Tring",officers,1,1980,"BUTTERFIELD, Kevin James (July 1980)",inferred (sole director),,,,,,,,not searched (budget),,0,10,20,5,35,oldest director b.1980 (too young/old); accounts not pulled (budget)
08896514,JB ELECTRICAL COMPLIANCE LTD,43210,14 February 2014,"Wollesborouh, Ashford",officers,1,1982,"BATTRICK, John (August 1982)",inferred (sole director),,,,,,,,not searched (budget),,0,10,20,5,35,oldest director b.1982 (too young/old); accounts not pulled (budget)
09372286,LONDON ELECTRICAL & TESTING LIMITED,43210,2 January 2015,"13 Coles Green, Loughton",officers,1,1985,"ANDERSON, David Joseph (September 1985)",inferred (sole director),,,,,,,,not searched (budget),,0,10,20,5,35,oldest director b.1985 (too young/old); accounts not pulled (budget)
09371301,SOUTH COAST ELECTRICAL TESTING LTD,71200,2 January 2015,"Bishopstoke, Eastleigh",officers,1,1985,"YOUNG, James Ashley (June 1985)",inferred (sole director),,,,,,,,not searched (budget),,0,10,20,5,35,oldest director b.1985 (too young/old); accounts not pulled (budget)
05642518,BEASLEY ELECTRICAL MAINTENANCE CO LIMITED,43210,1 December 2005,"Swanley, Kent BR8 8DT",officers,1,1978,"BEASLEY, James Dickinson (December 1978)",inferred (sole director),,,,,,,,not searched (budget),,0,10,14,10,34,oldest director b.1978 (too young/old); accounts not pulled (budget)
04444962,HOLLYWOOD ELECTRICAL & MAINTENANCE SERVICES LIMITED,43210,22 May 2002,"Dartford, Kent",officers,2,1979,"CLARK, Benjamin (June 1979); CLARK, Helen Maria (May 1979)",not checked,,,,,,,,not searched (budget),,0,10,14,10,34,oldest director b.1979 (too young/old); accounts not pulled (budget)
08937195,ALRITA COMPLIANCE SERVICES LTD,71200,13 March 2014,"203 West Street, Fareham",full (officers+accounts OCR),1,1947,"PARRISH, Alan Robert (September 1947)",inferred (sole director),31 March 2026,Total exemption full accounts,144,2711,n/d,0,not disclosed,not searched (budget),TEF; NIL employees; owner b.1947,22,3,14,5,30,"oldest dir b.1947, 1 dir, NA £144, 0 staff, cash £2,711"
08114713,ELECTRICAL SAFETY SERVICES (GB) LIMITED,81100,21 June 2012,"Buckhurst Hill, Essex IG9 5RD",officers+filing(dormant/overdue),1,1969,"BRISCOE, Jason John (July 1969)",inferred (sole director),30 June 2019,Micro company accounts,,,,,,not searched (budget),last accounts Jun 2019 - overdue,40,0,14,10,30,b.1969; last accounts Jun 2019 - overdue - exclude
07308643,EPT (ELECTRICAL PORTABLE TESTING) SERVICES LTD,43999,8 July 2010,"Blackwater, Camberley GU17 0JJ",full (officers+accounts OCR),1,1965,"JUDSON, David (October 1965)",inferred (sole director),31 January 2026,Micro company accounts,-671,n/d,671,0,not disclosed,not searched (budget),micro; NIL employees - effectively dormant,40,3,20,5,30,"oldest dir b.1965, 1 dir, NA £-671, 0 staff"
06788575,GENERATOR POWER SYSTEMS LIMITED,99999,12 January 2009,"Braintree, Essex CM7 3GB",officers+filing(dormant/overdue),1,1960,"CAMPBELL, David Gordon (November 1960)",inferred (sole director),30 April 2025,Accounts for a dormant company,,,,,,not searched (budget),dormant accounts Apr 2025,40,0,20,10,30,b.1960; dormant accounts Apr 2025 - exclude
08227810,INOTEC EMERGENCY LIGHTING LTD,27400,25 September 2012,"Billericay, Essex CM12 0LW",officers+filing(dormant/overdue),1,1966,"SHOOBRIDGE, Paul Michael (April 1966)",inferred (sole director),30 September 2025,Accounts for a dormant company,,,,,,not searched (budget),dormant accounts Sep 2025,40,0,10,10,30,b.1966; dormant accounts Sep 2025 - exclude
06336776,LOWERY POWER SYSTEMS LIMITED,99999,7 August 2007,"Staines, Middlesex",officers+filing(dormant/overdue),2,1964,"BURGE, Daniel Napier (June 1974); GUBBINS, Mark (May 1964)",not checked,31 March 2025,Accounts for a dormant company,,,,,,not searched (budget),dormant accounts Mar 2025,40,0,10,10,30,b.1964; dormant accounts Mar 2025 - exclude
07418252,PRIMEC COMPLIANCE LIMITED,"71200, 74909",25 October 2010,"Halstead, Essex CO9 2EX",officers+filing(dormant/overdue),1,1965,"KING, Simon Robert (November 1965)",inferred (sole director),31 March 2025,Accounts for a dormant company,,,,,,not searched (budget),dormant accounts Mar 2025,40,0,14,10,30,b.1965; dormant accounts Mar 2025 - exclude
07235195,UK ELECTRICAL SAFETY LIMITED,43210,26 April 2010,"Redhill, Surrey",officers+filing(dormant/overdue),2,1965,"SELLWOOD, David (March 1965); WOOLOFF, James Anthony (February 1983)",not checked,31 December 2021,Micro company accounts,,,,,,not searched (budget),last accounts Dec 2021 - overdue,40,0,14,10,30,b.1965; last accounts Dec 2021 - overdue - exclude
07378105,FIRE & ELECTRICAL SAFETY LIMITED,43210,16 September 2010,"Milton Keynes, Buckinghamshire MK11 1BN",officers,2,1982,"DERHAM, Gareth (December 1982); KING, Jamie Ellis (June 2005)",not checked,,,,,,,,not searched (budget),,0,10,14,5,29,oldest director b.1982 (too young/old); accounts not pulled (budget)
04079439,CSL POWER SYSTEMS LTD,"33200, 77390",27 September 2000,"Shorne, Gravesend",officers,2,1984,"GOZZETT, Joseph Matthew (October 2002); GOZZETT, Victoria Louise (July 1984)",not checked,,,,,,,,not searched (budget),,0,10,10,5,25,oldest director b.1984 (too young/old); accounts not pulled (budget)
